title,price,stock
Handmade Wooden Computer,201,41186
Handmade Steel Computer,372,90360
Intelligent Steel Mouse,456,98015
Gorgeous Concrete Keyboard,435,47302
Ergonomic Cotton Mouse,265,3481
Sleek Cotton Pants,758,27609
Intelligent Frozen Gloves,198,10452
Handcrafted Cotton Chips,517,26265
Generic Steel Pants,204,35460
Sleek Fresh Cheese,129,95370
Generic Steel Bacon,153,72737
Rustic Metal Computer,503,20263
Generic Plastic Ball,443,35903
Sleek Concrete Gloves,563,9861
Generic Fresh Tuna,604,360
Gorgeous Rubber Ball,703,12348
Fantastic Fresh Chicken,575,11405
Sleek Steel Towels,783,18100
Tasty Cotton Chips,14,15522
Incredible Wooden Chicken,795,34820
Generic Granite Tuna,94,98055
Licensed Granite Bike,822,10213
Fantastic Frozen Fish,833,78882
Handmade Fresh Car,149,94781
Fantastic Plastic Keyboard,732,10374
Small Granite Chicken,308,62831
Refined Fresh Shirt,947,76444
Incredible Plastic Pants,205,16472
Unbranded Cotton Shirt,537,70492
Generic Steel Towels,518,27503
Tasty Rubber Mouse,533,95088
Incredible Rubber Chips,579,8084
Licensed Wooden Shoes,222,37255
Gorgeous Cotton Chips,147,13443
Awesome Metal Chips,52,32598
Unbranded Frozen Towels,938,62072
Handmade Granite Mouse,636,10903
Unbranded Concrete Salad,696,40957
Handcrafted Plastic Car,590,34858
Handmade Rubber Chips,901,89518
Unbranded Granite Keyboard,927,24673
Small Rubber Gloves,71,85202
Handcrafted Cotton Ball,660,13073
Generic Frozen Table,542,85508
Practical Fresh Shoes,807,52886
Small Cotton Chair,684,4368
Awesome Plastic Pizza,422,66156
Gorgeous Concrete Bike,175,91749
Handcrafted Wooden Towels,231,11999
Refined Cotton Chips,674,63137
Refined Steel Bike,122,10700
Practical Plastic Hat,280,8732
Tasty Frozen Keyboard,669,89006
Generic Cotton Shirt,426,53785
Refined Concrete Car,459,29070
Ergonomic Fresh Shoes,214,69500
Gorgeous Fresh Keyboard,49,34853
Handcrafted Granite Mouse,834,76519
Refined Metal Mouse,144,76925
Refined Wooden Car,826,7354
Practical Rubber Table,961,38906
Awesome Rubber Ball,871,15637
Sleek Rubber Computer,468,25671
Incredible Metal Fish,299,3642
Rustic Cotton Soap,516,42562
Ergonomic Plastic Bacon,320,26190
Incredible Metal Keyboard,20,41730
Licensed Soft Chair,821,51454
Generic Frozen Gloves,572,2682
Unbranded Metal Gloves,788,26067
Gorgeous Concrete Sausages,156,60901
Awesome Concrete Fish,317,13037
Incredible Rubber Pants,318,3210
Practical Soft Chair,527,76876
Sleek Soft Hat,655,57140
Generic Metal Hat,945,60241
Unbranded Wooden Mouse,292,81724
Gorgeous Granite Bike,635,15693
Licensed Cotton Gloves,423,76738
Handcrafted Steel Fish,12,46086
Gorgeous Cotton Fish,58,91958
Sleek Frozen Salad,289,12091
Small Granite Towels,361,32701
Gorgeous Metal Ball,782,87273
Generic Cotton Soap,941,86722
Sleek Granite Hat,453,49551
Handmade Concrete Gloves,215,60985
Handcrafted Metal Salad,303,46615
Practical Steel Fish,501,95635
Rustic Fresh Ball,913,69769
Ergonomic Rubber Chicken,905,5547
Refined Steel Car,57,9767
Gorgeous Frozen Computer,208,80428
Refined Plastic Ball,79,96148
Small Wooden Bacon,358,57097
Handcrafted Frozen Computer,472,74536
Licensed Frozen Car,853,51016
Gorgeous Cotton Salad,799,3224
Intelligent Rubber Mouse,537,34233
Handcrafted Metal Chips,235,3258
